model,n_questions,n_correct,accuracy,accuracy_percent,ci95_low,ci95_high,ci95_low_percent,ci95_high_percent
Perovskite-RL,32,25,0.78125,78.125,0.6124500635075647,0.8897616374739581,61.24500635075647,88.97616374739582
gemini-3-flash,32,16,0.5,50.0,0.3363088286932747,0.6636911713067253,33.63088286932747,66.36911713067252
DeepSeek-V3.2,32,15,0.46875,46.875,0.30869387108068835,0.6355048288102536,30.869387108068835,63.55048288102536
GPT-5,32,14,0.4375,43.75,0.28165331115040365,0.6067440886314801,28.165331115040367,60.67440886314801
Qwen3-32B,32,12,0.375,37.5,0.22933887309454207,0.5474559264692256,22.933887309454207,54.74559264692256
llama-3.3-70b-instruct,32,9,0.28125,28.125,0.15564580497742764,0.45374509425916576,15.564580497742764,45.37450942591658
